"species","aphia_id","source_type","reported_material","chemical_identifier","target_or_test_organism","assay_type","measurement","unit","doi","url","accessed_utc","use_terms","link_status","gap_or_note"
"Apostichopus japonicus","241776","WoRMS taxonomy","—","—","—","accepted name","—","—","","https://www.marinespecies.org/aphia.php?p=taxdetails&id=241776","2026-09-24","WoRMS page text CC BY; attribution required","repository_cached_not_live_rechecked","Repo snapshot cites WoRMS on 2026-09-21; direct taxon page/API returned access error"
"Apostichopus japonicus","241776","OBIS taxon cross-check","—","—","—","taxon identifier","—","—","","https://obis.org/taxon/241776","2026-09-24","Link and identifier only; OBIS source records have individual license","verified_taxon_id","OBIS shows WoRMS 241776; not a bioactivity source"
"Apostichopus japonicus","241776","original paper Liao et al. 2024","holotoxin A1 purified from cooking liquor","paper-local name + C66H104O31; CID unresolved","Candida albicans SC5314 (test organism)","modified CLSI M27-A3 dilution; Alamar blue MIC","2","µg/mL","10.1111/bph.16333","https://doi.org/10.1111/bph.16333","2026-09-24","Wiley journal article; full-text redistribution permission not verified; link and brief fact summary only","direct_primary_paper_assay","Same paper §2.1 and §3.1/Fig 1 verifies extraction, >98% purity and MIC; not human efficacy"
"Apostichopus japonicus","241776","original paper Liao et al. 2024","holotoxin A1 purified from cooking liquor","paper-local name + C66H104O31; CID unresolved","Candida albicans SC5314 (test organism)","modified CLSI M27-A3; subculture MFC","2","µg/mL","10.1111/bph.16333","https://bpspubs.onlinelibrary.wiley.com/doi/10.1111/bph.16333","2026-09-24","Wiley journal article; full-text redistribution permission not verified","direct_primary_paper_assay","MFC is fungicidal endpoint; neither MIC nor MFC is complex-I IC50/Ki"
"Apostichopus japonicus","241776","PubChem substance","holotoxin A1 name","SID 135073731 -> candidate CID 119551 (C66H104O31)","—","identity lookup","—","—","","https://pubchem.ncbi.nlm.nih.gov/substance/?source=chemidplus&sourceid=0085344350","2026-09-24","NCBI public-domain policy for government content; contributing source terms require review","unresolved_external_compound_join","Matching name/formula is insufficient; paper stereostructure and CID InChIKey not checked"
"Apostichopus japonicus","241776","PubChem compound","holotoxin A1 name","candidate CID 163110604 (C67H106O31)","—","identity lookup","—","—","","https://pubchem.ncbi.nlm.nih.gov/compound/163110604","2026-09-24","PubChem contributing source terms require review","conflicting_candidate","Displayed formula differs from source paper C66H104O31; DO NOT join"
"Saccharina japonica","377084","WoRMS taxonomy","—","—","—","accepted name","—","—","","https://www.marinespecies.org/aphia.php?p=taxdetails&id=377084","2026-09-24","WoRMS page text CC BY; attribution required","repository_cached_not_live_rechecked","Repo snapshot cites WoRMS on 2026-09-21; direct taxon page/API returned access error"
"Saccharina japonica","377084","OBIS taxon cross-check","—","—","—","taxon identifier","—","—","","https://obis.org/taxon/377084","2026-09-24","Link and identifier only; OBIS source records have individual license","verified_taxon_id","OBIS shows WoRMS 377084; not a bioactivity source"
"Saccharina japonica","377084","original paper Ke et al. 2020","sulfated fucoidan fraction Lj5; voucher LjW4-18","paper-local fraction ID Lj5; no single-molecule CID/InChIKey","α-glucosidase enzyme; biological source not reported","in vitro PNPG substrate absorbance 405 nm; IC50","153.27 ± 22.89","µg/mL","10.1002/cbdv.202000233","https://doi.org/10.1002/cbdv.202000233","2026-09-24","© 2020 Wiley-VHCA; full-text redistribution rights not confirmed; link and brief fact summary only","partial_fraction_primary_assay","Direct species–fraction–quantitative assay; fraction average MW 153.92 kDa cannot be mapped to one molecule"
"Saccharina japonica","377084","original paper Islam et al. 2013","ethyl acetate fraction; NOT isolated molecules","fraction only","LPS-stimulated RAW 264.7 NO production","cellular NO inhibition IC50","25.32","µg/mL","10.1016/j.fct.2013.01.054","https://pubmed.ncbi.nlm.nih.gov/23402855/","2026-09-24","© 2013 Elsevier; PubMed abstract link; full-text redistribution rights not confirmed","broken_fraction_to_compound","Value belongs to ethyl acetate fraction, not pheophorbide a/pheophytin a/fucoxanthin"
"Saccharina japonica","377084","original paper Islam et al. 2013","CH2Cl2 fraction; NOT isolated molecules","fraction only","LPS-stimulated RAW 264.7 NO production","cellular NO inhibition IC50","75.86","µg/mL","10.1016/j.fct.2013.01.054","https://doi.org/10.1016/j.fct.2013.01.054","2026-09-24","© 2013 Elsevier; full-text redistribution rights not confirmed","broken_fraction_to_compound","Same paper calls isolated fucoxanthin inactive in this assay; no compound IC50 in abstract"
"Both selected species","","CMNPD documentation/search","species/compound provenance records","no CMNPD compound or organism record ID validated","—","public search/index exploration","—","—","10.1093/nar/gkaa763","https://docs.cmnpd.org/tutorial","2026-09-24","CMNPD data CC BY-NC-SA 4.0; attribution noncommercial sharealike; no data copied","not_record_verified","Queried both species and holotoxin A1/fucoxanthin combinations in public index; cannot affirm absence or linkage"
"Both selected species","","ChEMBL documentation/search","molecule–assay–activity–document provenance","no CHEMBL_ID/assay_id/activity_id validated","—","public search/documentation exploration","—","—","","https://chembl.gitbook.io/chembl-interface-documentation/about","2026-09-24","ChEMBL data CC BY-SA 3.0; attribution sharealike; no data copied","not_record_verified","No record-level DOI join tested; assay_organism/target_organism never interpreted as compound source species"
