record_id,scientific_name,aphia_id,match_level,topic,claim,value,unit,data_status,source_url,doi,accessed,license,review_status,limitations,region,period,iucn_scope,assessment_year
S-OP-T1,Magallana gigas,836033,accepted,taxonomy,"운영 표시명 '참굴'. WoRMS에서 Magallana gigas (Thunberg, 1793)가 정명(accepted)",accepted,,found,https://www.marinespecies.org/aphia.php?p=taxdetails&id=836033,,2026-09-24,"CC BY 4.0 (WoRMS 이용조건, 인용 필요)",self_checked,WoRMS REST AphiaRecordByAphiaID로 확인. 운영 공개 프로필(2026-09-23 발행)의 학명·AphiaID와 일치,,,,
S-OP-T2,Mytilus coruscus,506159,accepted,taxonomy,"운영 표시명 '홍합(참담치)'. WoRMS에서 Mytilus coruscus A. A. Gould, 1861가 정명(accepted)",accepted,,found,https://www.marinespecies.org/aphia.php?p=taxdetails&id=506159,,2026-09-24,"CC BY 4.0 (WoRMS 이용조건, 인용 필요)",self_checked,WoRMS REST AphiaRecordByAphiaID로 확인. 운영 공개 프로필(2026-09-23 발행)의 학명·AphiaID와 일치. GBIF 백본은 Mytilus unguiculatus의 이명으로 둠(WoRMS와 불일치),,,,
S-OP-T3,Sargassum fusiforme,494972,accepted,taxonomy,"운영 표시명 '톳'. WoRMS에서 Sargassum fusiforme (Harvey) Setchell, 1931가 정명(accepted)",accepted,,found,https://www.marinespecies.org/aphia.php?p=taxdetails&id=494972,,2026-09-24,"CC BY 4.0 (WoRMS 이용조건, 인용 필요)",self_checked,WoRMS REST AphiaRecordByAphiaID로 확인. 운영 공개 프로필(2026-09-23 발행)의 학명·AphiaID와 일치,,,,
S-OP-T4,Gelidium elegans,372119,accepted,taxonomy,"운영 표시명 '우뭇가사리'. WoRMS에서 Gelidium elegans Kützing, 1868가 정명(accepted)",accepted,,found,https://www.marinespecies.org/aphia.php?p=taxdetails&id=372119,,2026-09-24,"CC BY 4.0 (WoRMS 이용조건, 인용 필요)",self_checked,WoRMS REST AphiaRecordByAphiaID로 확인. 운영 공개 프로필(2026-09-23 발행)의 학명·AphiaID와 일치. PR #3·#7 원고의 Gelidium amansii 212186도 WoRMS accepted지만 별개 종이므로 이 행과 섞지 않음,,,,
S-OP-T5,Todarodes pacificus,342067,accepted,taxonomy,"운영 표시명 '살오징어'. WoRMS에서 Todarodes pacificus (Steenstrup, 1880)가 정명(accepted)",accepted,,found,https://www.marinespecies.org/aphia.php?p=taxdetails&id=342067,,2026-09-24,"CC BY 4.0 (WoRMS 이용조건, 인용 필요)",self_checked,WoRMS REST AphiaRecordByAphiaID로 확인. 운영 공개 프로필(2026-09-23 발행)의 학명·AphiaID와 일치,,,,
S-OP-T6,Halocynthia roretzi,250680,accepted,taxonomy,"운영 표시명 '멍게'. WoRMS에서 Halocynthia roretzi (Drasche, 1884)가 정명(accepted)",accepted,,found,https://www.marinespecies.org/aphia.php?p=taxdetails&id=250680,,2026-09-24,"CC BY 4.0 (WoRMS 이용조건, 인용 필요)",self_checked,WoRMS REST AphiaRecordByAphiaID로 확인. 운영 공개 프로필(2026-09-23 발행)의 학명·AphiaID와 일치,,,,
S-OP-T7,Apostichopus japonicus,241776,accepted,taxonomy,"운영 표시명 '해삼'. WoRMS에서 Apostichopus japonicus (Selenka, 1867)가 정명(accepted)",accepted,,found,https://www.marinespecies.org/aphia.php?p=taxdetails&id=241776,,2026-09-24,"CC BY 4.0 (WoRMS 이용조건, 인용 필요)",self_checked,WoRMS REST AphiaRecordByAphiaID로 확인. 운영 공개 프로필(2026-09-23 발행)의 학명·AphiaID와 일치. 시연 자료의 돌기해삼과 같은 AphiaID,,,,
S-OP-T8,Undaria pinnatifida,145721,accepted,taxonomy,"운영 표시명 '미역'. WoRMS에서 Undaria pinnatifida (Harvey) Suringar, 1873가 정명(accepted)",accepted,,found,https://www.marinespecies.org/aphia.php?p=taxdetails&id=145721,,2026-09-24,"CC BY 4.0 (WoRMS 이용조건, 인용 필요)",self_checked,WoRMS REST AphiaRecordByAphiaID로 확인. 운영 공개 프로필(2026-09-23 발행)의 학명·AphiaID와 일치,,,,
S-OP-I1,Apostichopus japonicus,241776,accepted,iucn,"현행 평가: Hamel & Mercier, IUCN Red List 2026-1, EN, 전 세계",EN,,license_unclear,https://www.iucnredlist.org/species/180424/272708369,10.2305/IUCN.UK.2026-1.RLTS.T180424A272708369.en,2026-09-24,,self_checked,"IUCN 약관은 페이지 403으로 미확인. 범주·범위는 GBIF의 IUCN Red List 체크리스트 미러(CC BY 4.0, 2026-07-28판). 판정 기준(criteria)과 평가일 원문 미확인(Crossref issued 2025-09-30). 한국 현재 위험도·MCUI로 쓰지 않음",,,global,
S-OP-I2,Apostichopus japonicus,241776,accepted,iucn,"과거 평가: IUCN Red List 2013-1, EN A2bd, 평가일 2010-05-19. 2026-1판으로 대체됨",EN,,license_unclear,https://www.iucnredlist.org/species/180424/1629389,10.2305/IUCN.UK.2013-1.RLTS.T180424A1629389.en,2026-09-24,,self_checked,"현행 평가 아님(S-OP-I1 참고). 기준 A2bd는 PR #7이 원문 사본에서 확인, 이번에는 Crossref로 DOI·평가일만 대조. IUCN 약관은 페이지 403으로 미확인",,,global,2010
S-OP-I3,Todarodes pacificus,342067,accepted,iucn,"Barratt & Allcock, IUCN Red List 2014-1, LC, 평가일 2010-05-10, 전 세계",LC,,license_unclear,https://www.iucnredlist.org/species/176085/1428473,10.2305/IUCN.UK.2014-1.RLTS.T176085A1428473.en,2026-09-24,,self_checked,"IUCN 약관은 페이지 403으로 미확인. 범주·범위는 GBIF의 IUCN Red List 체크리스트 미러(CC BY 4.0, 2026-07-28판). 미러에 이후 평가 없음. 10년 넘은 평가",,,global,2010
S-OP-I4,Magallana gigas,836033,accepted,iucn,"GBIF API species/search(datasetKey=IUCN Red List 체크리스트)에서 'Magallana gigas' 및 'Crassostrea gigas' 검색, 결과 0건",,,no_data,https://www.gbif.org/dataset/19491596-35ae-4a91-9a98-85cf505f1bd3,,2026-09-24,,self_checked,미러에 기록 없음일 뿐 공식 NE 확인 아님. IUCN 사이트 직접 검색은 403으로 못함,,,,
S-OP-I5,Mytilus coruscus,506159,accepted,iucn,"GBIF API species/search(datasetKey=IUCN Red List 체크리스트)에서 'Mytilus coruscus' 및 'Mytilus unguiculatus' 검색, 결과 0건",,,no_data,https://www.gbif.org/dataset/19491596-35ae-4a91-9a98-85cf505f1bd3,,2026-09-24,,self_checked,미러에 기록 없음일 뿐 공식 NE 확인 아님. IUCN 사이트 직접 검색은 403으로 못함,,,,
S-OP-I6,Sargassum fusiforme,494972,accepted,iucn,"GBIF API species/search(datasetKey=IUCN Red List 체크리스트)에서 'Sargassum fusiforme' 및 'Hizikia fusiformis' 검색, 결과 0건",,,no_data,https://www.gbif.org/dataset/19491596-35ae-4a91-9a98-85cf505f1bd3,,2026-09-24,,self_checked,미러에 기록 없음일 뿐 공식 NE 확인 아님. IUCN 사이트 직접 검색은 403으로 못함,,,,
S-OP-I7,Gelidium elegans,372119,accepted,iucn,"GBIF API species/search(datasetKey=IUCN Red List 체크리스트)에서 'Gelidium elegans' 및 'Gelidium amansii' 검색, 결과 0건",,,no_data,https://www.gbif.org/dataset/19491596-35ae-4a91-9a98-85cf505f1bd3,,2026-09-24,,self_checked,미러에 기록 없음일 뿐 공식 NE 확인 아님. IUCN 사이트 직접 검색은 403으로 못함,,,,
S-OP-I8,Halocynthia roretzi,250680,accepted,iucn,"GBIF API species/search(datasetKey=IUCN Red List 체크리스트)에서 'Halocynthia roretzi' 검색, 결과 0건",,,no_data,https://www.gbif.org/dataset/19491596-35ae-4a91-9a98-85cf505f1bd3,,2026-09-24,,self_checked,미러에 기록 없음일 뿐 공식 NE 확인 아님. IUCN 사이트 직접 검색은 403으로 못함,,,,
S-OP-I9,Undaria pinnatifida,145721,accepted,iucn,"GBIF API species/search(datasetKey=IUCN Red List 체크리스트)에서 'Undaria pinnatifida' 검색, 결과 0건",,,no_data,https://www.gbif.org/dataset/19491596-35ae-4a91-9a98-85cf505f1bd3,,2026-09-24,,self_checked,미러에 기록 없음일 뿐 공식 NE 확인 아님. IUCN 사이트 직접 검색은 403으로 못함,,,,
