group	class	name	aphia_id	iucn	jp	cells	past	recent	E_past	E_recent	ratio	ci_low	ci_high	dataset_check_ratio	dataset_past_share	trend_class	reason
P	Teleostei	Larimichthys crocea	281271	CR		13	25	6	17023	4541	0.956	0.404	2.261	None	None	survey_gap	fewer_records_explained_by_less_effort
P	Teleostei	Takifugu chinensis	278414	CR	絶滅危惧IB 類（EN）	19	56	7	23840	5587	0.566	0.264	1.213	None	None	undetermined	decline_uncertain
P	Teleostei	Coilia mystus	279082	EN		19	112	30	19691	4406	1.212	0.812	1.808	None	None	survey_gap	fewer_records_explained_by_less_effort
P	Teleostei	Coilia nasus	279083	EN		17	75	49	10906	3273	2.185	1.527	3.126	None	None	survey_gap	fewer_records_explained_by_less_effort
P	Teleostei	Boleophthalmus pectinirostris	279926	VU		8	35	88	6079	2730	5.551	3.761	8.194	None	None	no_clear_decline	reporting_rate_not_lower
P	Teleostei	Clidoderma asperrimum	280216	VU		14	98	16	18244	4777	0.64	0.38	1.078	None	None	undetermined	decline_uncertain
P	Teleostei	Eopsetta grigorjewi	280689	VU		26	258	17	28929	8925	0.219	0.135	0.356	0.141	0.959	decline_signal	reporting_rate_fell_beyond_threshold_within_dominant_dataset_too
P	Teleostei	Platichthys bicoloratus	305689	VU		20	67	31	23266	6773	1.603	1.05	2.447	None	None	survey_gap	fewer_records_explained_by_less_effort
P	Teleostei	Scartelaos gigas	282670	VU		3	37	33	4895	1741	2.512	1.576	4.002	None	None	survey_gap	fewer_records_explained_by_less_effort
P	Florideophyceae	Amphiroa galapagensis	375526	DD		9	123	0	29729	4791	0.025	0.002	0.404	0.025	1.0	decline_signal	reporting_rate_fell_beyond_threshold_within_dominant_dataset_too
P	Gastropoda	Assiminea estuarina	765241	DD		3	153	2	7084	1999	0.058	0.017	0.201	0.062	1.0	decline_signal	reporting_rate_fell_beyond_threshold_within_dominant_dataset_too
P	Teleostei	Choerodon azurio	277263	DD		9	47	29	14923	3573	2.594	1.638	4.107	None	None	survey_gap	fewer_records_explained_by_less_effort
P	Teleostei	Clupea pallasii	151159	DD		14	131	12	22594	7163	0.3	0.168	0.536	0.452	0.992	decline_signal	reporting_rate_fell_beyond_threshold_within_dominant_dataset_too
P	Teleostei	Cynoglossus abbreviatus	274192	DD	準絶滅危惧（NT）	14	67	5	17239	3463	0.406	0.17	0.967	0.304	0.87	undetermined	decline_not_confirmed_within_dominant_dataset
P	Teleostei	Cynoglossus semilaevis	274225	DD		14	42	21	17964	4305	2.111	1.257	3.546	None	None	survey_gap	fewer_records_explained_by_less_effort
P	Gastropoda	Ellobium chinense	872447	DD		6	251	2	9591	3472	0.027	0.008	0.095	0.03	1.0	decline_signal	reporting_rate_fell_beyond_threshold_within_dominant_dataset_too
P	Cephalopoda	Euprymna morsei	342317	DD		19	77	22	1579	319	1.437	0.899	2.298	None	None	survey_gap	fewer_records_explained_by_less_effort
P	Teleostei	Glyptocephalus stelleri	274286	DD		14	321	20	20803	6371	0.208	0.133	0.325	0.26	0.994	decline_signal	reporting_rate_fell_beyond_threshold_within_dominant_dataset_too
P	Teleostei	Hime japonica	318485	DD		16	172	1	20895	4112	0.044	0.009	0.22	0.073	1.0	decline_signal	reporting_rate_fell_beyond_threshold_within_dominant_dataset_too
P	Teleostei	Hyporthodus septemfasciatus	475102	DD		13	34	6	21053	5338	0.743	0.321	1.718	None	None	survey_gap	fewer_records_explained_by_less_effort
P	Cephalopoda	Idiosepius paradoxus	342343	DD		4	34	24	556	145	2.723	1.622	4.57	None	None	survey_gap	fewer_records_explained_by_less_effort
P	Gastropoda	Laemodonta exaratoides	558420	DD		2	34	19	8126	4963	0.925	0.531	1.613	None	None	survey_gap	fewer_records_explained_by_less_effort
P	Teleostei	Lagocephalus cheesemanii	307150	DD		11	20	3	20868	6612	0.539	0.173	1.674	None	None	undetermined	decline_uncertain
P	Teleostei	Lethrinus haematopterus	278634	DD		14	76	9	20998	4696	0.555	0.283	1.09	None	None	undetermined	decline_uncertain
P	Cephalopoda	Loliolus beka	410369	DD	準絶滅危惧（NT）	8	127	3	681	125	0.15	0.052	0.433	0.306	0.975	decline_signal	reporting_rate_fell_beyond_threshold_within_dominant_dataset_too
P	Cephalopoda	Loliolus japonica	410370	DD		19	238	36	1594	272	0.897	0.633	1.271	None	None	survey_gap	fewer_records_explained_by_less_effort
P	Teleostei	Lophius litulon	272600	DD		29	134	32	31420	10932	0.694	0.473	1.019	None	None	undetermined	decline_uncertain
P	Teleostei	Maroubra yasudai	281524	DD	情報不足（DD）	1	34	18	2262	1375	0.882	0.501	1.552	None	None	survey_gap	fewer_records_explained_by_less_effort
P	Florideophyceae	Melanothamnus flavimarinus	1313616	DD		3	33	5	14457	2689	0.883	0.358	2.175	None	None	survey_gap	fewer_records_explained_by_less_effort
P	Malacostraca	Metanephrops thomsoni	382859	DD		9	157	2	14971	2795	0.085	0.024	0.297	0.056	1.0	decline_signal	reporting_rate_fell_beyond_threshold_within_dominant_dataset_too
P	Teleostei	Microstomus achne	274293	DD		21	71	12	26558	8547	0.543	0.298	0.991	0.38	1.0	decline_signal	reporting_rate_fell_beyond_threshold_within_dominant_dataset_too
P	Teleostei	Miichthys miiuy	281574	DD		9	21	44	11976	3521	7.04	4.207	11.78	None	None	no_clear_decline	reporting_rate_not_lower
P	Cephalopoda	Octopus minor	342002	DD		16	148	17	1291	235	0.647	0.394	1.062	None	None	undetermined	decline_uncertain
P	Bivalvia	Ostrea futamiensis	506726	DD		2	36	18	2726	1545	0.894	0.511	1.565	None	None	survey_gap	fewer_records_explained_by_less_effort
P	Teleostei	Platycephalus indicus	127234	DD		24	214	25	27669	6722	0.489	0.325	0.738	0.721	0.854	undetermined	decline_not_confirmed_within_dominant_dataset
P	Teleostei	Plecoglossus altivelis	293715	DD		19	40	76	22589	8909	4.789	3.272	7.01	None	None	no_clear_decline	reporting_rate_not_lower
P	Teleostei	Pleuronichthys cornutus	282291	DD		28	230	54	28134	7285	0.913	0.68	1.227	None	None	survey_gap	fewer_records_explained_by_less_effort
P	Teleostei	Pteragogus aurigarius	279209	DD		12	128	54	19031	5874	1.374	1.001	1.886	None	None	survey_gap	fewer_records_explained_by_less_effort
P	Teleostei	Sebastes koreanus	274810	DD		9	41	2	9695	2155	0.271	0.076	0.971	0.483	0.927	undetermined	decline_not_confirmed_within_dominant_dataset
P	Teleostei	Setipinna tenuifilis	282769	DD		20	122	16	22769	5256	0.583	0.349	0.976	0.368	0.992	decline_signal	reporting_rate_fell_beyond_threshold_within_dominant_dataset_too
P	Teleostei	Thryssa adelae	275548	DD		7	54	4	12814	2950	0.359	0.137	0.938	0.552	0.943	undetermined	decline_not_confirmed_within_dominant_dataset
P	Teleostei	Thryssa kammalensis	275556	DD		17	132	27	18270	3991	0.95	0.63	1.433	None	None	survey_gap	fewer_records_explained_by_less_effort
P	Cephalopoda	Uroteuthis edulis	342409	DD		11	72	11	888	136	1.036	0.556	1.929	None	None	survey_gap	fewer_records_explained_by_less_effort
P	Teleostei	Zeus faber	127427	DD		20	179	20	21943	5587	0.449	0.284	0.708	0.54	0.977	decline_signal	reporting_rate_fell_beyond_threshold_within_dominant_dataset_too
P	Teleostei	Abudefduf notatus	212870	LC		3	32	8	4590	1890	0.635	0.299	1.352	None	None	undetermined	decline_uncertain
P	Teleostei	Abudefduf sordidus	212888	LC		11	59	36	10601	4614	1.409	0.933	2.128	None	None	survey_gap	fewer_records_explained_by_less_effort
P	Teleostei	Abudefduf vaigiensis	212879	LC		11	51	43	14322	5208	2.323	1.551	3.478	None	None	survey_gap	fewer_records_explained_by_less_effort
P	Teleostei	Acanthogobius flavimanus	279475	LC		23	169	46	25368	10414	0.668	0.483	0.924	0.371	0.902	decline_signal	reporting_rate_fell_beyond_threshold_within_dominant_dataset_too
P	Teleostei	Acanthogobius hasta	279476	LC		15	101	99	12811	4338	2.895	2.196	3.817	None	None	survey_gap	fewer_records_explained_by_less_effort
P	Teleostei	Acanthogobius lactipes	279477	LC		15	20	73	15911	5718	9.977	6.115	16.278	None	None	no_clear_decline	reporting_rate_not_lower
P	Teleostei	Acanthopagrus schlegelii	293534	LC		34	200	143	25226	9565	1.888	1.523	2.339	None	None	survey_gap	fewer_records_explained_by_less_effort
P	Teleostei	Alcichthys elongatus	279545	LC		7	94	31	11421	4577	0.832	0.556	1.245	None	None	survey_gap	fewer_records_explained_by_less_effort
P	Teleostei	Amblychaeturichthys hexanema	279573	LC	準絶滅危惧（NT）	19	94	10	22271	5896	0.42	0.222	0.794	0.596	0.967	undetermined	decline_not_confirmed_within_dominant_dataset
P	Cephalopoda	Amphioctopus fangsiao	534733	LC		17	183	37	1496	261	1.171	0.824	1.664	None	None	survey_gap	fewer_records_explained_by_less_effort
P	Teleostei	Amphiprion clarkii	212783	LC		8	22	22	4688	2369	1.979	1.103	3.55	None	None	no_clear_decline	reporting_rate_not_lower
P	Gastropoda	Angustassiminea castanea	765243	LC		2	104	0	1358	104	0.062	0.004	1.006	None	None	undetermined	decline_uncertain
P	Teleostei	Aspasmichthys ciconiae	279748	LC		2	40	18	6227	3078	0.924	0.533	1.602	None	None	survey_gap	fewer_records_explained_by_less_effort
P	Teleostei	Asterropteryx semipunctata	277497	LC		2	25	6	3982	1846	0.55	0.232	1.301	None	None	undetermined	decline_uncertain
P	Teleostei	Auxis rochei	127015	LC		11	34	41	17894	6313	3.41	2.171	5.356	None	None	no_clear_decline	reporting_rate_not_lower
P	Teleostei	Auxis thazard	127016	LC		8	26	1	16065	3202	0.284	0.055	1.471	None	None	undetermined	decline_uncertain
P	Teleostei	Bathygobius fuscus	209215	LC		10	31	22	13433	3836	2.501	1.456	4.297	None	None	survey_gap	fewer_records_explained_by_less_effort
P	Teleostei	Benthosema pterotum	217680	LC		15	63	3	19956	4588	0.24	0.082	0.703	0.161	0.985	decline_signal	reporting_rate_fell_beyond_threshold_within_dominant_dataset_too
P	Cephalopoda	Berryteuthis magister	342286	LC		5	41	2	346	90	0.232	0.065	0.83	0.285	1.0	undetermined	decline_not_confirmed_within_dominant_dataset
P	Teleostei	Branchiostegus japonicus	276739	LC		17	143	8	21748	4751	0.271	0.136	0.542	0.193	1.0	decline_signal	reporting_rate_fell_beyond_threshold_within_dominant_dataset_too
P	Teleostei	Callanthias japonicus	273153	LC		17	100	6	19220	4295	0.289	0.131	0.64	0.351	1.0	decline_signal	reporting_rate_fell_beyond_threshold_within_dominant_dataset_too
P	Teleostei	Callionymus koreanus	712845	LC		11	49	2	9899	2705	0.185	0.052	0.658	0.168	1.0	decline_signal	reporting_rate_fell_beyond_threshold_within_dominant_dataset_too
P	Teleostei	Caprodon schlegelii	280031	LC		9	27	17	8788	2298	2.434	1.336	4.431	None	None	survey_gap	fewer_records_explained_by_less_effort
P	Teleostei	Carangoides equula	218390	LC		26	159	15	25669	8370	0.298	0.177	0.502	0.291	0.957	decline_signal	reporting_rate_fell_beyond_threshold_within_dominant_dataset_too
P	Teleostei	Caranx sexfasciatus	218404	LC		14	22	22	21061	7239	2.909	1.622	5.219	None	None	no_clear_decline	reporting_rate_not_lower
P	Teleostei	Carassius auratus	154298	LC		2	27	0	2547	784	0.059	0.004	0.968	0.086	1.0	undetermined	decline_not_confirmed_within_dominant_dataset
P	Gastropoda	Cerithium coralium	473098	LC		3	139	0	8796	2384	0.013	0.001	0.212	None	1.0	undetermined	decline_not_confirmed_within_dominant_dataset
P	Teleostei	Chaenogobius gulosus	314043	LC		15	103	55	21981	7385	1.596	1.152	2.211	None	None	survey_gap	fewer_records_explained_by_less_effort
P	Teleostei	Chaetodontoplus septentrionalis	280124	LC		5	58	31	12921	3193	2.179	1.413	3.36	None	None	survey_gap	fewer_records_explained_by_less_effort
P	Teleostei	Chaeturichthys stigmatias	280125	LC		14	112	8	15635	3407	0.347	0.173	0.696	0.395	0.848	decline_signal	reporting_rate_fell_beyond_threshold_within_dominant_dataset_too
P	Teleostei	Chelidonichthys spinosus	274878	LC		32	381	62	29836	9452	0.517	0.396	0.676	0.8	0.96	undetermined	decline_not_confirmed_within_dominant_dataset
P	Teleostei	Chromis notata	273745	LC		21	238	89	23139	7429	1.169	0.917	1.49	None	None	survey_gap	fewer_records_explained_by_less_effort
P	Teleostei	Cleisthenes pinetorum	280211	LC		25	223	34	21973	5483	0.619	0.432	0.885	0.799	0.991	undetermined	decline_not_confirmed_within_dominant_dataset
P	Teleostei	Cociella crocodilus	398453	LC		18	142	14	24304	5867	0.422	0.246	0.724	0.433	0.899	decline_signal	reporting_rate_fell_beyond_threshold_within_dominant_dataset_too
P	Teleostei	Collichthys lucidus	280361	LC		13	65	11	14948	4489	0.585	0.312	1.094	None	None	undetermined	decline_uncertain
P	Teleostei	Collichthys niveatus	280362	LC		25	212	6	28167	8042	0.107	0.049	0.234	0.056	0.939	decline_signal	reporting_rate_fell_beyond_threshold_within_dominant_dataset_too
P	Teleostei	Conger myriaster	271745	LC		34	311	52	28313	7493	0.637	0.475	0.853	0.583	0.912	decline_signal	reporting_rate_fell_beyond_threshold_within_dominant_dataset_too
P	Teleostei	Cookeolus japonicus	127003	LC		15	62	7	24069	6783	0.426	0.2	0.908	0.519	1.0	undetermined	decline_not_confirmed_within_dominant_dataset
P	Teleostei	Coryphaena hippurus	126846	LC		15	141	14	23493	6475	0.372	0.217	0.638	0.322	0.992	decline_signal	reporting_rate_fell_beyond_threshold_within_dominant_dataset_too
P	Teleostei	Cynoglossus interruptus	274203	LC		7	25	3	17541	4663	0.516	0.169	1.578	None	None	undetermined	decline_uncertain
P	Teleostei	Cynoglossus joyneri	274205	LC		20	139	13	24263	6354	0.37	0.211	0.646	0.222	0.878	decline_signal	reporting_rate_fell_beyond_threshold_within_dominant_dataset_too
P	Teleostei	Cynoglossus robustus	274222	LC		18	91	35	24194	5696	1.648	1.118	2.428	None	None	survey_gap	fewer_records_explained_by_less_effort
P	Teleostei	Decapterus maruadsi	273278	LC		21	90	30	22550	6565	1.158	0.768	1.745	None	None	survey_gap	fewer_records_explained_by_less_effort
P	Teleostei	Dentex hypselosomus	1021581	LC		22	181	7	22672	5190	0.181	0.087	0.375	0.153	0.994	decline_signal	reporting_rate_fell_beyond_threshold_within_dominant_dataset_too
P	Teleostei	Dexistes rikuzenius	280516	LC		12	44	2	19803	4089	0.272	0.076	0.973	0.462	1.0	undetermined	decline_not_confirmed_within_dominant_dataset
P	Teleostei	Dictyosoma rubrimaculatum	280547	LC		7	35	34	15424	4834	3.101	1.941	4.954	None	None	survey_gap	fewer_records_explained_by_less_effort
P	Teleostei	Diodon holocanthus	127402	LC		13	66	29	15720	4789	1.456	0.944	2.247	None	None	survey_gap	fewer_records_explained_by_less_effort
P	Teleostei	Echelus uropterus	271936	LC		9	37	6	8772	2051	0.741	0.322	1.705	None	None	survey_gap	fewer_records_explained_by_less_effort
P	Cephalopoda	Enteroctopus dofleini	342305	LC		11	131	25	976	153	1.237	0.809	1.89	None	None	survey_gap	fewer_records_explained_by_less_effort
P	Teleostei	Entomacrodus stellifer	293591	LC		7	131	40	14530	5121	0.874	0.614	1.243	None	None	survey_gap	fewer_records_explained_by_less_effort
P	Teleostei	Erisphex pottii	280703	LC		21	204	12	25361	5903	0.263	0.148	0.465	0.424	0.947	decline_signal	reporting_rate_fell_beyond_threshold_within_dominant_dataset_too
P	Teleostei	Etrumeus micropus	217442	LC		11	67	5	22875	6207	0.3	0.126	0.716	0.348	1.0	undetermined	decline_not_confirmed_within_dominant_dataset
P	Teleostei	Favonigobius gymnauchen	280772	LC		21	92	104	24407	10341	2.666	2.016	3.527	None	None	no_clear_decline	reporting_rate_not_lower
P	Teleostei	Fistularia commersonii	217966	LC		13	24	11	18887	4796	1.848	0.917	3.725	None	None	survey_gap	fewer_records_explained_by_less_effort
P	Florideophyceae	Gelidium coreanum	707943	LC		4	20	0	9930	1488	0.163	0.01	2.691	None	None	undetermined	decline_uncertain
P	Teleostei	Goniistius zonatus	280923	LC		19	87	94	23579	7824	3.255	2.434	4.353	None	None	no_clear_decline	reporting_rate_not_lower
P	Teleostei	Gymnogobius breunigii	742991	LC		8	61	20	9571	2239	1.425	0.864	2.349	None	None	survey_gap	fewer_records_explained_by_less_effort
P	Teleostei	Gymnogobius heptacanthus	314520	LC		7	20	11	12844	3095	2.328	1.131	4.793	None	None	survey_gap	fewer_records_explained_by_less_effort
P	Teleostei	Gymnogobius petschiliensis	280964	LC		13	51	28	6199	3345	1.026	0.649	1.621	None	None	survey_gap	fewer_records_explained_by_less_effort
P	Teleostei	Gymnogobius urotaenia	280967	LC		13	54	41	15942	7071	1.717	1.146	2.571	None	None	survey_gap	fewer_records_explained_by_less_effort
P	Teleostei	Halichoeres tenuispinis	275803	LC		15	149	44	19366	6408	0.9	0.644	1.257	None	None	survey_gap	fewer_records_explained_by_less_effort
P	Gastropoda	Haliotis clathrata	207663	LC		1	34	18	7333	4952	0.794	0.451	1.397	None	None	survey_gap	fewer_records_explained_by_less_effort
P	Gastropoda	Haliotis varia	207654	LC		1	43	0	7389	1537	0.055	0.003	0.898	None	0.977	undetermined	decline_not_confirmed_within_dominant_dataset
P	Teleostei	Hexagrammos otakii	279411	LC	絶滅のおそれのある地域個体群（LP）	33	370	95	32485	10907	0.768	0.613	0.961	None	None	decline_below_threshold	reporting_rate_fell_less_than_threshold
P	Teleostei	Hippoglossoides dubius	274288	LC		7	94	19	7206	3666	0.406	0.249	0.66	0.546	1.0	undetermined	decline_not_confirmed_within_dominant_dataset
P	Holothuroidea	Holothuria (Mertensiothuria) hilla	529402	LC		12	47	53	540	487	1.249	0.845	1.846	None	None	no_clear_decline	reporting_rate_not_lower
P	Holothuroidea	Holothuria leucospilota	1672774	LC		4	46	24	322	276	0.615	0.377	1.003	None	None	undetermined	decline_uncertain
P	Teleostei	Hoplobrotula armata	277593	LC		20	180	6	22358	4830	0.167	0.076	0.365	0.242	0.994	decline_signal	reporting_rate_fell_beyond_threshold_within_dominant_dataset_too
P	Teleostei	Hyporhamphus sajori	272196	LC		26	120	49	28655	10638	1.107	0.795	1.541	None	None	survey_gap	fewer_records_explained_by_less_effort
P	Malacostraca	Ibacus novemdentatus	210361	LC		12	41	4	28110	3894	0.783	0.296	2.071	None	None	survey_gap	fewer_records_explained_by_less_effort
P	Teleostei	Istigobius campbelli	278032	LC		8	57	13	11512	3493	0.774	0.428	1.4	None	None	survey_gap	fewer_records_explained_by_less_effort
P	Teleostei	Jaydia lineata	1022238	LC		25	114	23	26008	6223	0.858	0.55	1.337	None	None	survey_gap	fewer_records_explained_by_less_effort
P	Teleostei	Johnius grypotus	276111	LC		23	186	29	25999	5995	0.686	0.465	1.012	None	None	undetermined	decline_uncertain
P	Teleostei	Konosirus punctatus	281225	LC		26	386	54	29648	9239	0.452	0.341	0.601	0.355	0.919	decline_signal	reporting_rate_fell_beyond_threshold_within_dominant_dataset_too
P	Teleostei	Lagocephalus inermis	219955	LC		4	22	0	7193	1420	0.113	0.007	1.856	None	None	undetermined	decline_uncertain
P	Teleostei	Lagocephalus wheeleri	275269	LC		12	51	15	21591	5429	1.197	0.678	2.112	None	None	survey_gap	fewer_records_explained_by_less_effort
P	Teleostei	Lateolabrax japonicus	281275	LC		36	248	59	31752	11164	0.681	0.513	0.904	0.577	0.909	decline_signal	reporting_rate_fell_beyond_threshold_within_dominant_dataset_too
P	Teleostei	Liparis punctulatus	274535	LC		2	34	23	4413	1974	1.523	0.901	2.572	None	None	survey_gap	fewer_records_explained_by_less_effort
P	Teleostei	Lophiomus setigerus	217838	LC		27	217	4	27156	6917	0.081	0.032	0.207	0.141	0.953	decline_signal	reporting_rate_fell_beyond_threshold_within_dominant_dataset_too
P	Teleostei	Luciogobius elongatus	281426	LC		3	40	20	8032	2869	1.417	0.833	2.411	None	None	survey_gap	fewer_records_explained_by_less_effort
P	Teleostei	Luciogobius grandis	281427	LC		7	38	65	12813	4926	4.425	2.972	6.589	None	None	no_clear_decline	reporting_rate_not_lower
P	Teleostei	Luciogobius guttatus	281428	LC		18	117	71	21827	7785	1.706	1.272	2.289	None	None	survey_gap	fewer_records_explained_by_less_effort
P	Teleostei	Maurolicus japonicus	274972	LC		13	23	1	11039	5648	0.125	0.024	0.65	None	0.731	undetermined	decline_not_confirmed_within_dominant_dataset
P	Teleostei	Microcanthus strigatus	281558	LC		31	197	73	30974	11411	1.01	0.773	1.32	None	None	survey_gap	fewer_records_explained_by_less_effort
P	Teleostei	Minous monodactylus	215615	LC		16	40	13	18343	4758	1.285	0.694	2.379	None	None	survey_gap	fewer_records_explained_by_less_effort
P	Teleostei	Monocentris japonica	221357	LC		13	39	9	15485	4004	0.93	0.458	1.889	None	None	survey_gap	fewer_records_explained_by_less_effort
P	Teleostei	Mugil cephalus	126983	LC		31	165	134	28849	11294	2.076	1.653	2.606	None	None	survey_gap	fewer_records_explained_by_less_effort
P	Teleostei	Muraenesox cinereus	126296	LC		18	106	5	24764	7408	0.173	0.073	0.407	0.178	0.933	decline_signal	reporting_rate_fell_beyond_threshold_within_dominant_dataset_too
P	Teleostei	Myersina filifer	281597	LC		12	24	12	14812	4897	1.543	0.781	3.05	None	None	survey_gap	fewer_records_explained_by_less_effort
P	Teleostei	Neobythites sivicola	276638	LC		5	28	4	13615	3061	0.702	0.26	1.898	None	None	survey_gap	fewer_records_explained_by_less_effort
P	Teleostei	Neoclinus bryope	281680	LC		7	42	29	15320	5138	2.07	1.294	3.31	None	None	survey_gap	fewer_records_explained_by_less_effort
P	Teleostei	Nibea albiflora	281747	LC	絶滅危惧IB 類（EN）	20	74	15	20230	5535	0.76	0.44	1.314	None	None	survey_gap	fewer_records_explained_by_less_effort
P	Teleostei	Odontamblyopus lacepedii	281817	LC		9	34	20	8824	2867	1.829	1.059	3.159	None	None	survey_gap	fewer_records_explained_by_less_effort
P	Teleostei	Omobranchus elegans	278014	LC		16	103	57	22822	10191	1.244	0.901	1.717	None	None	survey_gap	fewer_records_explained_by_less_effort
P	Teleostei	Omobranchus punctatus	219320	LC		5	59	24	11487	3230	1.464	0.915	2.344	None	None	survey_gap	fewer_records_explained_by_less_effort
P	Teleostei	Oncorhynchus masou	293637	LC		11	21	28	8075	5145	2.08	1.189	3.642	None	None	no_clear_decline	reporting_rate_not_lower
P	Teleostei	Ophichthus asakusae	271941	LC		4	22	0	6767	1842	0.082	0.005	1.346	None	None	undetermined	decline_uncertain
P	Teleostei	Oplegnathus fasciatus	277892	LC		34	247	109	30535	11576	1.167	0.932	1.461	None	None	survey_gap	fewer_records_explained_by_less_effort
P	Teleostei	Ostorhinchus doederleini	713303	LC		7	45	31	17040	3996	2.952	1.874	4.65	None	None	survey_gap	fewer_records_explained_by_less_effort
P	Teleostei	Pagrus major	273976	LC		34	263	79	30299	10689	0.855	0.666	1.099	None	None	survey_gap	fewer_records_explained_by_less_effort
P	Teleostei	Parablennius yatabei	273141	LC		13	68	50	23359	8620	1.998	1.389	2.874	None	None	survey_gap	fewer_records_explained_by_less_effort
P	Teleostei	Paracentropogon rubripinnis	277237	LC		13	210	57	22071	7068	0.853	0.637	1.142	None	None	survey_gap	fewer_records_explained_by_less_effort
P	Teleostei	Parajulis poecilepterus	282049	LC		22	154	61	25957	9620	1.074	0.799	1.443	None	None	survey_gap	fewer_records_explained_by_less_effort
P	Teleostei	Parapercis multifasciata	277004	LC		8	41	3	15805	3171	0.42	0.141	1.251	None	None	undetermined	decline_uncertain
P	Teleostei	Paraplagusia japonica	278660	LC		13	77	25	21237	6138	1.138	0.728	1.781	None	None	survey_gap	fewer_records_explained_by_less_effort
P	Teleostei	Parapristipoma trilineatum	273480	LC		9	44	33	20049	5814	2.596	1.658	4.065	None	None	survey_gap	fewer_records_explained_by_less_effort
P	Teleostei	Parascolopsis inermis	277751	LC		10	27	10	13687	3477	1.503	0.738	3.06	None	None	survey_gap	fewer_records_explained_by_less_effort
P	Teleostei	Paratrypauchen microcephalus	398626	LC		10	24	6	8228	2716	0.804	0.338	1.908	None	None	survey_gap	fewer_records_explained_by_less_effort
P	Teleostei	Parupeneus spilurus	277825	LC		4	20	5	4557	1985	0.616	0.24	1.579	None	None	undetermined	decline_uncertain
P	Teleostei	Pennahia argentata	282196	LC		23	234	19	25881	5999	0.359	0.226	0.569	0.393	0.925	decline_signal	reporting_rate_fell_beyond_threshold_within_dominant_dataset_too
P	Teleostei	Periophthalmus modestus	209267	LC		10	26	156	6954	2985	13.758	9.115	20.767	None	None	no_clear_decline	reporting_rate_not_lower
P	Teleostei	Pholis nebulosa	273691	LC		18	191	69	22995	8033	1.039	0.79	1.367	None	None	survey_gap	fewer_records_explained_by_less_effort
P	Teleostei	Plectorhinchus cinctus	273485	LC		19	131	25	24291	5770	0.816	0.534	1.248	None	None	survey_gap	fewer_records_explained_by_less_effort
P	Teleostei	Pomacentrus coelestis	277145	LC		13	25	29	12185	4025	3.502	2.061	5.95	None	None	no_clear_decline	reporting_rate_not_lower
P	Teleostei	Psenopsis anomala	277902	LC		24	187	29	29210	9365	0.491	0.333	0.724	0.303	0.8	decline_signal	reporting_rate_fell_beyond_threshold_within_dominant_dataset_too
P	Teleostei	Pseudaesopia japonica	320685	LC		5	23	4	12591	2090	1.154	0.421	3.163	None	None	survey_gap	fewer_records_explained_by_less_effort
P	Teleostei	Pseudanthias squamipinnis	218278	LC		3	30	8	4616	1929	0.667	0.312	1.426	None	None	undetermined	decline_uncertain
P	Teleostei	Pseudoblennius cottoides	282408	LC		15	94	44	23591	9471	1.173	0.821	1.675	None	None	survey_gap	fewer_records_explained_by_less_effort
P	Teleostei	Pseudoblennius marmoratus	282409	LC		7	36	29	14604	5485	2.152	1.325	3.496	None	None	survey_gap	fewer_records_explained_by_less_effort
P	Teleostei	Pseudoblennius percoides	282410	LC		13	71	35	24033	8783	1.359	0.908	2.032	None	None	survey_gap	fewer_records_explained_by_less_effort
P	Teleostei	Pseudolabrus eoethinus	282433	LC		11	103	38	15240	5091	1.114	0.769	1.612	None	None	survey_gap	fewer_records_explained_by_less_effort
P	Teleostei	Pseudolabrus sieboldi	282442	LC		20	239	82	23328	7448	1.079	0.84	1.386	None	None	survey_gap	fewer_records_explained_by_less_effort
P	Teleostei	Pseudopleuronectes herzensteini	275357	LC		11	94	23	17989	5451	0.821	0.522	1.289	None	None	survey_gap	fewer_records_explained_by_less_effort
P	Teleostei	Pseudorhombus cinnamoneus	277075	LC		11	92	3	8868	2132	0.157	0.054	0.458	0.237	0.957	decline_signal	reporting_rate_fell_beyond_threshold_within_dominant_dataset_too
P	Teleostei	Pseudorhombus oculocirris	277086	LC		1	34	0	5041	584	0.125	0.008	2.041	None	None	undetermined	decline_uncertain
P	Teleostei	Pseudorhombus pentophthalmus	277088	LC		21	104	3	25469	6501	0.131	0.045	0.381	0.159	0.949	decline_signal	reporting_rate_fell_beyond_threshold_within_dominant_dataset_too
P	Teleostei	Pterogobius elapoides	282497	LC		8	55	28	16532	5403	1.571	1.0	2.468	None	None	survey_gap	fewer_records_explained_by_less_effort
P	Teleostei	Pterogobius zonoleucus	282500	LC		7	142	27	17520	5441	0.621	0.413	0.935	0.352	0.761	decline_signal	reporting_rate_fell_beyond_threshold_within_dominant_dataset_too
P	Teleostei	Rudarius ercodes	282633	LC		11	101	36	19483	6243	1.122	0.769	1.638	None	None	survey_gap	fewer_records_explained_by_less_effort
P	Bivalvia	Saccostrea kegaki	506737	LC		14	607	182	13778	3247	1.275	1.08	1.504	None	None	survey_gap	fewer_records_explained_by_less_effort
P	Bivalvia	Saccostrea mordax	819190	LC		1	248	0	2437	77	0.064	0.004	1.021	None	None	undetermined	decline_uncertain
P	Teleostei	Salangichthys microdon	282650	LC		6	25	1	5043	3017	0.098	0.019	0.51	None	0.84	undetermined	decline_not_confirmed_within_dominant_dataset
P	Teleostei	Sarda orientalis	219713	LC		11	28	10	21157	6235	1.25	0.616	2.537	None	None	survey_gap	fewer_records_explained_by_less_effort
P	Teleostei	Sardinella zunasi	272277	LC		14	139	26	22297	6437	0.658	0.434	0.997	0.723	0.804	undetermined	decline_not_confirmed_within_dominant_dataset
P	Teleostei	Sardinops sagax	217452	LC		12	30	9	23657	7140	1.032	0.498	2.138	None	None	survey_gap	fewer_records_explained_by_less_effort
P	Teleostei	Saurida elongata	272109	LC		23	231	11	25910	5937	0.217	0.12	0.392	0.076	0.968	decline_signal	reporting_rate_fell_beyond_threshold_within_dominant_dataset_too
P	Teleostei	Saurida macrolepis	272114	LC		13	76	5	20122	5059	0.286	0.12	0.679	0.043	1.0	decline_signal	reporting_rate_fell_beyond_threshold_within_dominant_dataset_too
P	Teleostei	Scomber australasicus	219715	LC		13	30	14	19421	4875	1.894	1.014	3.539	None	None	survey_gap	fewer_records_explained_by_less_effort
P	Teleostei	Scorpaena miostoma	274724	LC		11	44	9	17450	4102	0.908	0.451	1.83	None	None	survey_gap	fewer_records_explained_by_less_effort
P	Teleostei	Scorpaena onaria	274729	LC		7	59	4	17339	3888	0.337	0.129	0.879	0.55	1.0	undetermined	decline_not_confirmed_within_dominant_dataset
P	Teleostei	Scorpaenodes evides	712541	LC		7	30	4	11586	3294	0.519	0.193	1.396	None	None	undetermined	decline_uncertain
P	Teleostei	Scorpaenopsis cirrosa	277520	LC		4	24	15	11004	2430	2.865	1.517	5.412	None	None	survey_gap	fewer_records_explained_by_less_effort
P	Cephalopoda	Sepia officinalis	141444	LC		4	75	0	378	74	0.034	0.002	0.546	0.041	1.0	decline_signal	reporting_rate_fell_beyond_threshold_within_dominant_dataset_too
P	Teleostei	Seriola dumerili	126816	LC		15	91	29	21538	6866	1.011	0.668	1.532	None	None	survey_gap	fewer_records_explained_by_less_effort
P	Teleostei	Seriola lalandi	218436	LC		17	129	14	23909	6866	0.39	0.227	0.671	0.334	1.0	decline_signal	reporting_rate_fell_beyond_threshold_within_dominant_dataset_too
P	Teleostei	Siganus fuscescens	273912	LC		18	94	51	20096	6729	1.628	1.159	2.285	None	None	survey_gap	fewer_records_explained_by_less_effort
P	Teleostei	Sillago japonica	273944	LC		27	199	57	28953	8604	0.97	0.723	1.301	None	None	survey_gap	fewer_records_explained_by_less_effort
P	Teleostei	Sirembo imberbis	282810	LC		15	135	0	21008	4175	0.019	0.001	0.298	0.031	0.992	decline_signal	reporting_rate_fell_beyond_threshold_within_dominant_dataset_too
P	Teleostei	Sphyraena pinguis	273985	LC		22	229	35	28326	8243	0.532	0.373	0.757	0.304	0.969	decline_signal	reporting_rate_fell_beyond_threshold_within_dominant_dataset_too
P	Teleostei	Stephanolepis cirrhifer	275247	LC		33	253	88	29454	9577	1.074	0.843	1.368	None	None	survey_gap	fewer_records_explained_by_less_effort
P	Teleostei	Stethojulis terina	277110	LC		10	28	13	12581	3760	1.585	0.829	3.029	None	None	survey_gap	fewer_records_explained_by_less_effort
P	Teleostei	Syngnathus schlegeli	275231	LC		20	60	17	25765	8567	0.87	0.511	1.481	None	None	survey_gap	fewer_records_explained_by_less_effort
P	Teleostei	Takifugu alboplumbeus	278412	LC		31	47	189	25925	11394	9.077	6.604	12.476	None	None	no_clear_decline	reporting_rate_not_lower
P	Teleostei	Takifugu niphobles	278419	LC		26	152	57	29270	9446	1.168	0.863	1.582	None	None	survey_gap	fewer_records_explained_by_less_effort
P	Teleostei	Takifugu pardalis	278422	LC		15	99	58	20903	8888	1.383	1.001	1.91	None	None	survey_gap	fewer_records_explained_by_less_effort
P	Teleostei	Takifugu poecilonotus	278423	LC		9	152	3	17336	5086	0.078	0.027	0.226	0.127	0.967	decline_signal	reporting_rate_fell_beyond_threshold_within_dominant_dataset_too
P	Teleostei	Takifugu porphyreus	278424	LC	準絶滅危惧（NT）	12	27	22	15417	5826	2.165	1.24	3.78	None	None	survey_gap	fewer_records_explained_by_less_effort
P	Teleostei	Takifugu snyderi	278429	LC		19	82	4	26611	8317	0.175	0.068	0.451	0.037	0.987	decline_signal	reporting_rate_fell_beyond_threshold_within_dominant_dataset_too
P	Teleostei	Takifugu stictonotus	278430	LC		10	35	12	15308	5092	1.059	0.556	2.017	None	None	survey_gap	fewer_records_explained_by_less_effort
P	Teleostei	Takifugu xanthopterus	278432	LC		13	26	17	21757	7023	2.046	1.119	3.742	None	None	survey_gap	fewer_records_explained_by_less_effort
P	Teleostei	Terapon jarbua	218350	LC		13	42	40	13395	5762	2.215	1.441	3.407	None	None	survey_gap	fewer_records_explained_by_less_effort
P	Teleostei	Thalassoma cupido	273578	LC		6	63	22	7032	3559	0.7	0.433	1.132	None	None	survey_gap	fewer_records_explained_by_less_effort
P	Teleostei	Thamnaconus modestus	277210	LC		35	283	65	29803	10367	0.664	0.508	0.869	0.722	0.964	undetermined	decline_not_confirmed_within_dominant_dataset
P	Teleostei	Trichiurus japonicus	305414	LC		25	116	9	25026	6445	0.317	0.163	0.613	0.271	0.992	decline_signal	reporting_rate_fell_beyond_threshold_within_dominant_dataset_too
P	Teleostei	Tridentiger barbatus	283044	LC		7	37	2	4916	1928	0.17	0.047	0.612	0.146	0.919	decline_signal	reporting_rate_fell_beyond_threshold_within_dominant_dataset_too
P	Teleostei	Tridentiger bifasciatus	283045	LC		16	112	58	16395	4196	2.032	1.481	2.787	None	None	survey_gap	fewer_records_explained_by_less_effort
P	Teleostei	Tridentiger brevispinis	283046	LC		20	29	113	24980	9940	9.669	6.449	14.498	None	None	no_clear_decline	reporting_rate_not_lower
P	Teleostei	Tridentiger obscurus	283048	LC		17	66	37	21494	8992	1.348	0.903	2.011	None	None	survey_gap	fewer_records_explained_by_less_effort
P	Teleostei	Tridentiger trigonocephalus	283049	LC		17	123	68	19511	6020	1.798	1.338	2.415	None	None	survey_gap	fewer_records_explained_by_less_effort
P	Teleostei	Uranoscopus japonicus	274040	LC		19	171	2	24295	5375	0.066	0.019	0.23	0.106	0.982	decline_signal	reporting_rate_fell_beyond_threshold_within_dominant_dataset_too
P	Cephalopoda	Watasenia scintillans	342419	LC		8	39	23	663	131	3.011	1.807	5.017	None	None	survey_gap	fewer_records_explained_by_less_effort
P	Teleostei	Xenocephalus elongatus	283182	LC		20	138	4	23544	5116	0.15	0.058	0.382	0.195	0.978	decline_signal	reporting_rate_fell_beyond_threshold_within_dominant_dataset_too
P	Teleostei	Glyptocephalus kitaharae	1605268	NT		20	163	7	26311	7525	0.16	0.077	0.333	0.275	1.0	decline_signal	reporting_rate_fell_beyond_threshold_within_dominant_dataset_too
P	Teleostei	Harpadon nehereus	217661	NT		12	40	10	8888	2932	0.786	0.399	1.549	None	None	survey_gap	fewer_records_explained_by_less_effort
P	Teleostei	Pseudopleuronectes yokohamae	275360	NT		26	279	21	31034	10179	0.235	0.151	0.364	0.296	0.93	decline_signal	reporting_rate_fell_beyond_threshold_within_dominant_dataset_too
P	Teleostei	Scomberomorus niphonius	273817	NT		20	83	59	23669	7158	2.356	1.69	3.286	None	None	survey_gap	fewer_records_explained_by_less_effort
P	Teleostei	Takifugu vermicularis	278431	NT		7	37	23	12332	5401	1.431	0.854	2.396	None	None	survey_gap	fewer_records_explained_by_less_effort
P	Teleostei	Thunnus orientalis	273823	NT		7	25	2	15532	3837	0.397	0.108	1.455	None	None	undetermined	decline_uncertain
P	Teleostei	Trachurus japonicus	273302	NT		37	375	111	30986	11177	0.823	0.666	1.017	None	None	survey_gap	fewer_records_explained_by_less_effort
S2	Elasmobranchii	Beringraja pulchra	1015739	EN	準絶滅危惧（NT）	8	21	15	206	51	2.912	1.516	5.595	None	None	survey_gap	fewer_records_explained_by_less_effort
S2	Elasmobranchii	Mustelus manazo	214561	EN		9	47	1	621	72	0.272	0.054	1.384	None	None	undetermined	decline_uncertain
S2	Elasmobranchii	Okamejei kenojei	279183	VU	情報不足（DD）	18	317	37	804	164	0.579	0.413	0.812	0.34	0.93	decline_signal	reporting_rate_fell_beyond_threshold_within_dominant_dataset_too
S2	Elasmobranchii	Dipturus kwangtungensis	271551	DD	準絶滅危惧（NT）	12	78	3	684	87	0.351	0.12	1.023	None	None	undetermined	decline_uncertain
S2	Elasmobranchii	Scyliorhinus torazame	271375	LC		11	201	4	683	79	0.193	0.076	0.491	0.256	0.96	decline_signal	reporting_rate_fell_beyond_threshold_within_dominant_dataset_too
S2	Elasmobranchii	Hemitrygon akajei	1042845	NT		12	19	12	691	118	None	None	None	None	None	undetermined	past_records_below_minimum
