"korean_name","dataset_id","provider_dataset_title","original_dataset_url","dataset_citation_as_published","terms","terms_url","snapshot_accessed_utc","source_scope_note"
"다시마","b69f0512-c185-4adc-bf8b-0239fab76c69","mabik_al","https://obis.org/dataset/b69f0512-c185-4adc-bf8b-0239fab76c69","Kwon O (2025). mabik_al. Version 1.7. National Marine Biodiversity Institute Of Korea. Occurrence dataset. https://www.mbris.kr/ipt/resource?r=mabik_al&v=1.7","CC-BY-NC 4.0","https://creativecommons.org/licenses/by-nc/4.0/","2026-09-22","OBIS demo snapshot, not operating public profile; 122–136E / 30–43N filter, first 1000 records; dataset title may identify non-Korean locations"
"다시마","eaea291a-1e1d-4382-b86f-ac3cc15b8d5a","iNaturalist Research-grade Observations Marine Subset","https://obis.org/dataset/eaea291a-1e1d-4382-b86f-ac3cc15b8d5a","iNaturalist contributors, iNaturalist (2026). iNaturalist Research-grade Observations Marine Subset. Version 2.0. Marine Biological Association. Occurrence dataset. https://doi.org/10.17031/0bbcjx","CC-BY-NC 4.0","https://creativecommons.org/licenses/by-nc/4.0/","2026-09-22","OBIS demo snapshot, not operating public profile; 122–136E / 30–43N filter, first 1000 records; dataset title may identify non-Korean locations"
"참굴","0b3b51a1-35e8-424c-a33f-7631d16397fb","A Record of the Intertidal Malacofauna of Cape Bansho, Wakayama, Japan, from 1985 to 2010","https://obis.org/dataset/0b3b51a1-35e8-424c-a33f-7631d16397fb","Ohgaki, S., K. Komemoto and N. Funayama (2011) A record of the intertidal malacofauna of Cape Bansho, Wakayama, Japan, from 1985 to 2010. Publications of the Seto Marine Biological Laboratory Special Publication Series, 11, 1-311. Dataset published in electronic format in 2020.","CC0 1.0","https://creativecommons.org/publicdomain/zero/1.0/","2026-09-22","OBIS demo snapshot, not operating public profile; 122–136E / 30–43N filter, first 1000 records; dataset title may identify non-Korean locations"
"참굴","1518e369-0e28-4734-b85e-bc1c1ed4f00d","Marine Invertebrata specimen database of Osaka Museum of Natutal History","https://obis.org/dataset/1518e369-0e28-4734-b85e-bc1c1ed4f00d","Ishida S (2016). Marine Invertebrata specimen database of Osaka Museum of Natutal History. National Institute of Genetics, ROIS. Occurrence dataset https://doi.org/10.15468/zhubgk accessed via GBIF.org on yyyy-mm-dd.","CC-BY-NC 4.0","https://creativecommons.org/licenses/by-nc/4.0/","2026-09-22","OBIS demo snapshot, not operating public profile; 122–136E / 30–43N filter, first 1000 records; dataset title may identify non-Korean locations"
"참굴","459f1903-4f5b-409c-a7b9-2ab99692d2f9","Simultaneous surveys of littoral organisms in Osaka Bay in 2024","https://obis.org/dataset/459f1903-4f5b-409c-a7b9-2ab99692d2f9","Osaka Bay Environmental Restoration Liaison Committee (2024) Simultaneous surveys of littoral organisms in Osaka Bay in 2024. https://doi.org/10.48518/00028. Accessed on 2026-09-22","CC-BY-NC 4.0","https://creativecommons.org/licenses/by-nc/4.0/","2026-09-22","OBIS demo snapshot, not operating public profile; 122–136E / 30–43N filter, first 1000 records; dataset title may identify non-Korean locations"
"참굴","6697e640-3f2c-44ca-ba43-bd29d650eac1","The south coast survey of Hatakejima Islands from 1969","https://obis.org/dataset/6697e640-3f2c-44ca-ba43-bd29d650eac1","Nakano, T. (2021) The south coast survey of Hatakejima Islands from 1969. Available at https://doi.org/10.48518/00012. Accessed on yyyy-mm-dd.","CC0 1.0","https://creativecommons.org/publicdomain/zero/1.0/","2026-09-22","OBIS demo snapshot, not operating public profile; 122–136E / 30–43N filter, first 1000 records; dataset title may identify non-Korean locations"
"참굴","706a6f92-0fe6-44b0-980a-e5e0fa53166f","Survey data of tidal flats on the Monitoring sites 1000 project, BDCJ","https://obis.org/dataset/706a6f92-0fe6-44b0-980a-e5e0fa53166f","Biodiversity Center of Japan, Ministry of the Environment. Data file of tidal flats survey on Monitoring sites 1000 project at http://www.biodic.go.jp/moni1000/findings/data/index_file_tidalflats.html. Accessed on yyyy-mm-dd.","CC-BY 4.0","https://creativecommons.org/licenses/by/4.0/","2026-09-22","OBIS demo snapshot, not operating public profile; 122–136E / 30–43N filter, first 1000 records; dataset title may identify non-Korean locations"
"참굴","794beaef-8c85-4f67-adfc-e9de304d867e","Simultaneous surveys of littoral organisms in Osaka Bay in 2025","https://obis.org/dataset/794beaef-8c85-4f67-adfc-e9de304d867e","Osaka Bay Environmental Restoration Liaison Committee (2025) Simultaneous surveys of littoral organisms in Osaka Bay in 2025. https://doi.org/10.48518/00036. Accessed on 2026-09-22.","CC-BY-NC 4.0","https://creativecommons.org/licenses/by-nc/4.0/","2026-09-22","OBIS demo snapshot, not operating public profile; 122–136E / 30–43N filter, first 1000 records; dataset title may identify non-Korean locations"
"참굴","86e5bc4a-0bc2-43e6-8e9b-db09a2fa6265","mabik_mo","https://obis.org/dataset/86e5bc4a-0bc2-43e6-8e9b-db09a2fa6265","mabik_mo","CC-BY-NC 4.0","https://creativecommons.org/licenses/by-nc/4.0/","2026-09-22","OBIS demo snapshot, not operating public profile; 122–136E / 30–43N filter, first 1000 records; dataset title may identify non-Korean locations"
"참굴","aa16d305-d413-4c4a-90be-b1ec3298d58d","CAS Invertebrate Zoology (IZ)","https://obis.org/dataset/aa16d305-d413-4c4a-90be-b1ec3298d58d","CAS Invertebrate Zoology (IZ)","CC0 1.0","https://creativecommons.org/publicdomain/zero/1.0/","2026-09-22","OBIS demo snapshot, not operating public profile; 122–136E / 30–43N filter, first 1000 records; dataset title may identify non-Korean locations"
"참굴","b1a2d0ab-9b94-4a59-9371-432738a3cc36","Rocky shore macrobiota of southeastern Osaka Bay: Results of surveys","https://obis.org/dataset/b1a2d0ab-9b94-4a59-9371-432738a3cc36","Association for the Research of Littoral Organisms in Osaka Bay (2024 onwards) Rocky shore macrobiota of southeastern Osaka Bay: Results of surveys at https://doi.org/10.48518/00025. Accessed on yyyy-mm-dd.","CC-BY 4.0","https://creativecommons.org/licenses/by/4.0/","2026-09-22","OBIS demo snapshot, not operating public profile; 122–136E / 30–43N filter, first 1000 records; dataset title may identify non-Korean locations"
"참굴","c5f0846d-a31c-4e4d-b1d2-6da882f23694","The entire coast survey of Hatakejima Islands from 1983","https://obis.org/dataset/c5f0846d-a31c-4e4d-b1d2-6da882f23694","Nakano, T. (2021) The entire coast survey of Hatakejima Islands from 1983. Available at https://doi.org/10.48518/00011. Accessed on yyyy-mm-dd.","CC0 1.0","https://creativecommons.org/publicdomain/zero/1.0/","2026-09-22","OBIS demo snapshot, not operating public profile; 122–136E / 30–43N filter, first 1000 records; dataset title may identify non-Korean locations"
"참굴","e7f84807-573e-4a3e-b109-f5c1e96e7158","Simultaneous surveys of littoral organisms in Osaka Bay","https://obis.org/dataset/e7f84807-573e-4a3e-b109-f5c1e96e7158","Osaka Bay Environmental Restoration Liaison Committee (2023) Simultaneous surveys of littoral organisms in Osaka Bay. https://doi.org/10.48518/00024. Accessed on 2026-09-22","CC-BY-NC 4.0","https://creativecommons.org/licenses/by-nc/4.0/","2026-09-22","OBIS demo snapshot, not operating public profile; 122–136E / 30–43N filter, first 1000 records; dataset title may identify non-Korean locations"
"참굴","eaea291a-1e1d-4382-b86f-ac3cc15b8d5a","iNaturalist Research-grade Observations Marine Subset","https://obis.org/dataset/eaea291a-1e1d-4382-b86f-ac3cc15b8d5a","iNaturalist contributors, iNaturalist (2026). iNaturalist Research-grade Observations Marine Subset. Version 2.0. Marine Biological Association. Occurrence dataset. https://doi.org/10.17031/0bbcjx","CC-BY-NC 4.0","https://creativecommons.org/licenses/by-nc/4.0/","2026-09-22","OBIS demo snapshot, not operating public profile; 122–136E / 30–43N filter, first 1000 records; dataset title may identify non-Korean locations"
"돌기해삼","587953dd-0998-48ba-a99e-ed765f7366f4","NIFS_NF","https://obis.org/dataset/587953dd-0998-48ba-a99e-ed765f7366f4","NIFS_NF","CC-BY-NC 4.0","https://creativecommons.org/licenses/by-nc/4.0/","2026-09-22","OBIS demo snapshot, not operating public profile; 122–136E / 30–43N filter, first 1000 records; dataset title may identify non-Korean locations"
"돌기해삼","b1a2d0ab-9b94-4a59-9371-432738a3cc36","Rocky shore macrobiota of southeastern Osaka Bay: Results of surveys","https://obis.org/dataset/b1a2d0ab-9b94-4a59-9371-432738a3cc36","Association for the Research of Littoral Organisms in Osaka Bay (2024 onwards) Rocky shore macrobiota of southeastern Osaka Bay: Results of surveys at https://doi.org/10.48518/00025. Accessed on yyyy-mm-dd.","CC-BY 4.0","https://creativecommons.org/licenses/by/4.0/","2026-09-22","OBIS demo snapshot, not operating public profile; 122–136E / 30–43N filter, first 1000 records; dataset title may identify non-Korean locations"
"돌기해삼","c5687a17-e454-40f9-9a4b-d04b2c812d74","UF Invertebrate Zoology","https://obis.org/dataset/c5687a17-e454-40f9-9a4b-d04b2c812d74","UF Invertebrate Zoology","CC-BY-NC 4.0","https://creativecommons.org/licenses/by-nc/4.0/","2026-09-22","OBIS demo snapshot, not operating public profile; 122–136E / 30–43N filter, first 1000 records; dataset title may identify non-Korean locations"
"돌기해삼","cb2f31bf-83da-438e-bc48-776ee2573f77","mabik_iv","https://obis.org/dataset/cb2f31bf-83da-438e-bc48-776ee2573f77","mabik_iv","CC-BY-NC 4.0","https://creativecommons.org/licenses/by-nc/4.0/","2026-09-22","OBIS demo snapshot, not operating public profile; 122–136E / 30–43N filter, first 1000 records; dataset title may identify non-Korean locations"
"돌기해삼","eaea291a-1e1d-4382-b86f-ac3cc15b8d5a","iNaturalist Research-grade Observations Marine Subset","https://obis.org/dataset/eaea291a-1e1d-4382-b86f-ac3cc15b8d5a","iNaturalist contributors, iNaturalist (2026). iNaturalist Research-grade Observations Marine Subset. Version 2.0. Marine Biological Association. Occurrence dataset. https://doi.org/10.17031/0bbcjx","CC-BY-NC 4.0","https://creativecommons.org/licenses/by-nc/4.0/","2026-09-22","OBIS demo snapshot, not operating public profile; 122–136E / 30–43N filter, first 1000 records; dataset title may identify non-Korean locations"
